strength_gains,waist_msr,Calories,avg_sleep_scr,TotalMinutesAsleep,avg_rest_hrt,avg_heart_rate,heart_rate_variation,protein,stress_analysis,client_ID,date,total_steps,WeightPounds
0.6225073234763769,,1985,,327,,,,,,1503960366,2016-04-12,13162,
1.1978022429409312,,1797,,384,,,,,,1503960366,2016-04-13,10735,
0.4918836047479178,,1745,,412,,,,,,1503960366,2016-04-15,9762,
1.380079488070424,,1863,,340,,,,,,1503960366,2016-04-16,12669,
1.0148057708035993,,1728,,700,,,,,,1503960366,2016-04-17,9705,
0.709326504040949,,2035,,304,,,,,,1503960366,2016-04-19,15506,
0.6008070914641822,,1786,,360,,,,,,1503960366,2016-04-20,10544,
2.039892470604698,,1775,,325,,,,,,1503960366,2016-04-21,9819,
0.7231785376600599,,1949,,361,,,,,,1503960366,2016-04-23,14371,
0.5381055206065296,,1788,,430,,,,,,1503960366,2016-04-24,10039,
-0.27490011755525623,,2013,,277,,,,,,1503960366,2016-04-25,15355,
0.6146465566636315,,1970,,245,,,,,,1503960366,2016-04-26,13755,
0.06780136945719148,,1898,,366,,,,,,1503960366,2016-04-28,13154,
1.379215298303571,,1837,,341,,,,,,1503960366,2016-04-29,11181,
1.5433203265536304,,1947,,404,,,,,,1503960366,2016-04-30,14673,
0.4442591136409263,,1820,,369,,,,,,1503960366,2016-05-01,10602,
3.0263709730342767,,2004,,277,,,,,,1503960366,2016-05-02,14727,115.963146545323
0.38799586840858047,,1990,,273,,,,,,1503960366,2016-05-03,15103,115.963146545323
0.9466933260798013,,1959,,247,,,,,,1503960366,2016-05-05,14070,
-0.12362890463956591,,1896,,334,,,,,,1503960366,2016-05-06,12159,
1.7523305520741015,,1821,,331,,,,,,1503960366,2016-05-07,11992,
1.8170620066970664,,1740,,594,,,,,,1503960366,2016-05-08,10060,
-0.04693040354054487,,1819,,338,,,,,,1503960366,2016-05-09,12022,
-0.17829552236609345,,1859,,383,,,,,,1503960366,2016-05-10,12207,
0.10206107801808872,,1783,,285,,,,,,1503960366,2016-05-11,12770,
0.9256424616037121,,2498,,119,,,,,,1644430081,2016-04-29,3176,
0.20425359408788357,,3846,,124,,,,,,1644430081,2016-04-30,18213,
0.5175421834228761,,2580,,796,,,,,,1644430081,2016-05-02,3758,
1.4471883488159862,,2987,,137,,,,,,1644430081,2016-05-08,6724,
0.2918479780708307,,1725,,644,,,,,,1844505072,2016-04-15,3844,
1.1468386675467221,,1763,,722,,,,,,1844505072,2016-04-30,4014,
0.30585139692440805,,1541,,590,,,,,,1844505072,2016-05-01,2573,
-0.13046947383061944,,2220,,750,,,,,,1927972279,2016-04-12,678,
0.9248858519503449,,2151,,398,,,,,,1927972279,2016-04-13,356,294.317120016975
0.36464032397641677,,2221,,475,,,,,,1927972279,2016-04-15,980,
4.021520584520835,,2638,,296,,,,,,1927972279,2016-04-26,3761,
0.8787947438532303,,2351,,166,,,,,,1927972279,2016-04-28,1675,
0.6367273249174648,,1459,,503,,,,,,2026352035,2016-04-12,4414,
1.0921650021693547,,1521,,531,,,,,,2026352035,2016-04-13,4993,
0.3521753005753455,,1431,,545,,,,,,2026352035,2016-04-14,3335,
2.800937378069127,,1444,,523,,,,,,2026352035,2016-04-15,3821,
0.94069388271397,,1373,,524,,,,,,2026352035,2016-04-16,2547,
0.5318572484119543,,1214,,437,,68.65625,,,,2026352035,2016-04-17,838,
0.591427293206512,,1356,,498,,,,,,2026352035,2016-04-19,2424,
0.16823584718053433,,1667,,461,,,,,,2026352035,2016-04-20,7222,
0.7129905400704033,,1370,,477,,,,,,2026352035,2016-04-21,2467,
0.11002782046816477,,1399,,520,,,,,,2026352035,2016-04-22,2915,
2.232028710828544,,1916,,522,,,,,,2026352035,2016-04-23,12357,
1.0242624357052035,,1401,,555,,,,,,2026352035,2016-04-24,3490,
0.7229594898004971,,1576,,506,,99.50581395348837,,,,2026352035,2016-04-25,6017,
2.1394447304833757,,1593,,508,,,,,,2026352035,2016-04-27,6088,
0.8436078336826924,,1649,,513,,,,,,2026352035,2016-04-28,6375,
1.631197190657761,,1692,,490,,,,,,2026352035,2016-04-29,7604,
1.085248573632926,,1506,,573,,,,,,2026352035,2016-04-30,4729,
1.2927010614310352,,1447,,527,,,,,,2026352035,2016-05-01,3609,
0.945319370852217,,1690,,511,,84.13457076566125,,,,2026352035,2016-05-02,7018,
0.7028903255947935,,1658,,538,,,,,,2026352035,2016-05-04,6564,
1.0464077546322104,,1926,,468,,,,,,2026352035,2016-05-05,12167,
0.6144249884186662,,1736,,524,,,,,,2026352035,2016-05-06,8198,
0.9420645524175498,,1491,,511,,,,,,2026352035,2016-05-07,4193,
1.2005111739337302,,1555,,541,,,,,,2026352035,2016-05-08,5528,
0.3801115184250776,,1869,,531,,98.2339008142117,,,,2026352035,2016-05-09,10685,
1.051265851395425,,1141,,357,,,,,,2026352035,2016-05-10,254,
0.9504030262479383,,1698,,523,,,,,,2026352035,2016-05-11,8580,
0.3551553925771189,,1364,,456,,,,,,2026352035,2016-05-12,8891,
0.5081808780805571,,1804,,61,,,,,,2320127002,2016-04-23,5079,
1.8445786196462166,,2038,,467,,73.81290461804058,,,,2347167796,2016-04-13,10352,
0.10390833551214099,,2010,,445,,72.57948213700426,,,,2347167796,2016-04-14,10129,
1.2992854003111682,,2133,,452,,75.68525687977399,,,,2347167796,2016-04-15,10465,
2.5037516197441096,,1882,,556,,75.36218020022247,,,,2347167796,2016-04-17,5472,
1.5470943451203847,,1944,,500,,71.23214476924724,,,,2347167796,2016-04-18,8247,
0.4635837179200183,,2346,,465,,81.30099693251533,,,,2347167796,2016-04-19,6711,
0.2749004614041457,,2048,,460,,73.41425341802132,,,,2347167796,2016-04-21,10080,
0.4981096001370232,,1946,,405,,71.99640209332752,,,,2347167796,2016-04-22,7804,
0.9469111090896091,,2629,,374,,83.43309231897726,,,,2347167796,2016-04-23,16901,
0.8169079213702334,,2187,,442,,77.57597373188406,,,,2347167796,2016-04-24,9471,
0.9190435765697054,,2095,,433,,73.86135600335852,,,,2347167796,2016-04-25,9482,
0.8377442211235563,,1861,,436,,71.73179652000444,,,,2347167796,2016-04-26,5980,
1.99580308914173,,2194,,448,,75.19362135263515,,,,2347167796,2016-04-27,11423,
0.8580420802019718,,1854,,408,,73.40854132002218,,,,2347167796,2016-04-28,5439,
0.14090744616488257,,403,,411,,62.86971235194586,,,,2347167796,2016-04-29,42,
0.742519097401469,,1450,,274,,,,,,3977333714,2016-04-12,8856,
0.24292027349324655,,1495,,295,,,,,,3977333714,2016-04-13,10035,
1.598476458424173,,1433,,291,,,,,,3977333714,2016-04-14,7641,
2.0857645791032735,,1468,,424,,,,,,3977333714,2016-04-15,9010,
0.22734990940535238,,1625,,283,,,,,,3977333714,2016-04-16,13459,
1.1501826002944413,,1529,,381,,,,,,3977333714,2016-04-17,10415,
0.28220830150236564,,1584,,412,,,,,,3977333714,2016-04-18,11663,
1.229529805909667,,1638,,219,,,,,,3977333714,2016-04-19,12414,
1.1235836490050417,,1554,,152,,,,,,3977333714,2016-04-20,11658,
0.5805206644846241,,1397,,332,,,,,,3977333714,2016-04-21,6093,
1.0177169564142377,,1481,,355,,,,,,3977333714,2016-04-22,8911,
1.058798748381498,,1638,,235,,,,,,3977333714,2016-04-23,12058,
2.004531328670223,,1655,,310,,,,,,3977333714,2016-04-24,14112,
0.5756001079674214,,1570,,262,,,,,,3977333714,2016-04-25,11177,
1.365099484775073,,1551,,250,,,,,,3977333714,2016-04-26,11388,
0.5160214305335984,,1377,,349,,,,,,3977333714,2016-04-27,7193,
0.24845030519684472,,1407,,261,,,,,,3977333714,2016-04-28,7114,
0.5277890091791609,,1545,,333,,,,,,3977333714,2016-04-29,10645,
0.5760448905018476,,1650,,237,,,,,,3977333714,2016-04-30,13238,
2.4791509611090947,,1501,,383,,,,,,3977333714,2016-05-01,10414,
0.8077925531381588,,1760,,230,,,,,,3977333714,2016-05-02,16520,
1.0536397022554747,,1710,,292,,,,,,3977333714,2016-05-03,14335,
0.6486073879403237,,1628,,213,,,,,,3977333714,2016-05-04,13559,
0.38901002394306605,,1618,,318,,,,,,3977333714,2016-05-05,12312,
0.46543185735596493,,1590,,323,,,,,,3977333714,2016-05-06,11677,
0.6799068991547467,,1574,,237,,,,,,3977333714,2016-05-07,11550,
0.7907551714134445,,1633,,259,,,,,,3977333714,2016-05-08,13585,
2.213244706682191,,1630,,312,,,,,,3977333714,2016-05-10,13072,
0.6705285193616132,,3654,,501,,83.4990136324824,,,,4020332650,2016-04-12,8539,
0.41884125563895946,,3051,,77,,100.90332042707966,,,,4020332650,2016-04-16,1982,
1.1758666934093922,,2828,,322,,77.8770095559303,,,,4020332650,2016-05-03,4496,
1.4505189540636538,,3879,,478,,83.4561661803678,,,,4020332650,2016-05-04,10252,
0.15177271402308254,,3429,,226,,85.57474310689543,,,,4020332650,2016-05-05,11728,
0.3324348505273831,,2704,,385,,75.64283228276422,,,,4020332650,2016-05-06,4369,
0.871836039398045,,3089,,364,,78.0410612388964,,,,4020332650,2016-05-08,5862,
0.5760313591249095,,2926,,442,,72.61970379024775,,,,4020332650,2016-05-10,5546,
1.2827470997223558,,2302,,535,,,,,,4319703577,2016-04-14,10210,
0.3126737011925487,,1985,,465,,,,,,4319703577,2016-04-15,5664,
1.3289310255839162,,1884,,506,,,,,,4319703577,2016-04-16,4744,
1.4730410942971812,,1632,,515,,,,,,4319703577,2016-04-18,2276,
0.4733302345632995,,2200,,461,,,,,,4319703577,2016-04-19,8925,
0.28087830820039433,,2220,,523,,,,,,4319703577,2016-04-20,8954,
0.5034179255541593,,1792,,59,,,,,,4319703577,2016-04-21,3702,
1.008577035613799,,1886,,533,,,,,,4319703577,2016-04-22,4500,
-0.09594760115719586,,1945,,692,,,,,,4319703577,2016-04-23,4935,
0.9625150206010268,,1880,,467,,,,,,4319703577,2016-04-24,4081,
0.4420135199836073,,2314,,488,,,,,,4319703577,2016-04-25,9259,
1.165729571690786,,2236,,505,,,,,,4319703577,2016-04-26,9899,
0.3952086905872497,,2324,,286,,,,,,4319703577,2016-04-27,10780,
0.9340571954843069,,2367,,497,,,,,,4319703577,2016-04-28,10817,
0.5749416575477406,,2175,,523,,,,,,4319703577,2016-04-29,7990,
1.1112870923199683,,2092,,490,,,,,,4319703577,2016-04-30,8221,
-0.345376665326372,,1593,,484,,,,,,4319703577,2016-05-01,1251,
0.3636543551162421,,2270,,478,,,,,,4319703577,2016-05-02,9261,
1.0909077627651433,,2235,,474,,,,,,4319703577,2016-05-03,9648,
1.058271533678953,,2266,,450,,,,,,4319703577,2016-05-06,9524,
1.2163299851657186,,2158,,507,,,,,,4319703577,2016-05-07,7937,
0.5042689446119992,,1792,,602,,,,,,4319703577,2016-05-08,3672,
1.1155919469793467,,2345,,535,,,,,,4319703577,2016-05-09,10378,
1.7457286956753604,,2260,,487,,,,,,4319703577,2016-05-10,9487,
0.6719506503270232,,2232,,529,,,,,,4319703577,2016-05-11,9129,
0.812143676334756,,257,,302,,,,,,4319703577,2016-05-12,17,
1.2280485965761587,,3066,,499,,67.47093970668115,,,,4388161847,2016-04-15,8758,
0.5952275711760872,,3073,,426,,75.47658862876254,,,,4388161847,2016-04-16,6580,
0.16500044060021754,,2572,,619,,66.39134502923977,,,,4388161847,2016-04-17,4660,
2.5240663707980158,,3274,,99,,81.49099490746491,,,,4388161847,2016-04-18,11009,
0.7016067039379599,,3015,,329,,65.5324563295234,,,,4388161847,2016-04-19,10181,
0.8494793406354272,,3083,,421,,65.40125868055556,,,,4388161847,2016-04-20,10553,
0.29591214018887246,,3069,,442,,63.099279119767296,,,,4388161847,2016-04-21,10055,
1.017133450650145,,3544,,82,,73.27719923266649,,,,4388161847,2016-04-22,12139,
2.091808424732563,,3306,,478,,67.08074201158053,,,,4388161847,2016-04-23,13236,
1.816427172884306,,2885,,552,,62.10169687175343,,,,4388161847,2016-04-24,10243,
0.3603265272617808,,2929,,319,,62.51359843970094,,,,4388161847,2016-04-26,9461,
0.4342519332481106,,3074,,439,,62.120521869318786,,,,4388161847,2016-04-27,11193,
1.0579567815234856,,2969,,428,,62.32648343180067,,,,4388161847,2016-04-28,10074,
0.21503109159770115,,3283,,409,,64.22769296925392,,,,4388161847,2016-04-30,12533,
-0.14038687360692054,,2926,,547,,60.02217947267172,,,,4388161847,2016-05-01,10255,
0.6358493141766544,,3147,,368,,66.39496105160661,,,,4388161847,2016-05-02,10096,
1.4369056053558036,,3162,,390,,61.94766681203663,,,,4388161847,2016-05-04,12375,
1.2852703393748692,,2899,,471,,61.041297935103245,,,,4388161847,2016-05-05,9603,
1.013558109313435,,2899,,471,,61.041297935103245,,,,4388161847,2016-05-05,9603,
2.0067083400794714,,4022,,472,,66.62712040795088,,,,4388161847,2016-05-07,22770,
0.31647338284810567,,3934,,529,,76.78011037766476,,,,4388161847,2016-05-08,17298,
0.8236802797184838,,3013,,62,,64.05171717171717,,,,4388161847,2016-05-09,10218,
1.4048795369660758,,3061,,354,,61.22121701669359,,,,4388161847,2016-05-10,10299,
0.9218446792833371,,2954,,469,,59.97196611014204,,,,4388161847,2016-05-11,10201,
1.2401971121684692,,2113,,429,,,,,,4445114986,2016-04-12,3276,
0.6274875918646794,,2095,,370,,,,,,4445114986,2016-04-13,2961,
0.7311663708360353,,2194,,441,,,,,,4445114986,2016-04-14,3974,
0.6709366640772151,,2496,,337,,,,,,4445114986,2016-04-15,7198,
0.7666499376243042,,2180,,462,,,,,,4445114986,2016-04-16,3945,
0.35556002583979995,,1933,,98,,,,,,4445114986,2016-04-17,2268,
1.5678881687028114,,1954,,388,,,,,,4445114986,2016-04-19,2064,
0.06056431392014221,,1974,,439,,,,,,4445114986,2016-04-20,2072,
0.7812113219762529,,2150,,436,,,,,,4445114986,2016-04-21,3809,
0.40692751596389665,,2432,,388,,,,,,4445114986,2016-04-22,6831,
0.6968571966044304,,2070,,328,,,,,,4445114986,2016-04-25,3385,
0.972135422053063,,2291,,353,,,,,,4445114986,2016-04-26,6326,
0.3357380532344998,,2361,,332,,,,,,4445114986,2016-04-27,7243,
1.3080351750747845,,2203,,419,,,,,,4445114986,2016-04-28,4493,
0.7341445067189741,,2196,,106,,,,,,4445114986,2016-04-29,4676,
0.26266663302664095,,2363,,322,,,,,,4445114986,2016-04-30,6222,
2.2344990914097558,,2246,,439,,,,,,4445114986,2016-05-01,5232,
0.9892766866469522,,2336,,502,,,,,,4445114986,2016-05-02,6910,
0.3214041871998911,,2421,,417,,,,,,4445114986,2016-05-03,7502,
0.6921702269176286,,2070,,337,,,,,,4445114986,2016-05-04,2923,
0.37044255291739636,,2120,,462,,,,,,4445114986,2016-05-05,3800,
0.5032396432908431,,2211,,374,,,,,,4445114986,2016-05-06,4514,
0.9117956454908633,,2123,,401,,,,,,4445114986,2016-05-07,5183,
0.4282487196841006,,2423,,361,,,,,,4445114986,2016-05-08,7303,
2.062820236166483,,2281,,457,,,,,,4445114986,2016-05-09,5275,
0.6780543022947488,,2181,,405,,,,,,4445114986,2016-05-10,3915,
0.9781954300314415,,2499,,499,,,,,,4445114986,2016-05-11,9105,
0.8547954217418058,,1212,,483,,,,,,4445114986,2016-05-12,768,
0.4182360868701618,,2486,,126,,85.66238718698361,,,,4558609924,2016-04-21,13743,
0.12134717998571662,,2223,,103,,91.335402888379,,,,4558609924,2016-04-26,9148,
-0.06149732886013143,,1918,,171,,80.55509145902347,,,,4558609924,2016-04-29,7833,
1.3005903830791672,,1692,,115,,70.84190403364558,,,,4558609924,2016-05-01,3428,154.103124631302
0.5580518084179976,,2666,,123,,104.87147199305254,,,,4558609924,2016-05-08,6543,
0.3909012605334774,,2947,,425,,,,,,4702921684,2016-04-12,7213,
1.8914061515231329,,2898,,400,,,,,,4702921684,2016-04-13,6877,
1.2853233439518394,,2984,,384,,,,,,4702921684,2016-04-14,7860,
0.8427102481008691,,2896,,253,,,,,,4702921684,2016-04-15,6506,
1.1422104916256364,,3328,,382,,,,,,4702921684,2016-04-16,11140,
0.5123958160726636,,3394,,591,,,,,,4702921684,2016-04-17,12692,
0.021290031997258957,,3013,,293,,,,,,4702921684,2016-04-18,9105,
1.64818914558812,,2812,,457,,,,,,4702921684,2016-04-19,6708,
0.07098652639767035,,3061,,454,,,,,,4702921684,2016-04-20,8793,
1.3656232054107134,,2729,,425,,,,,,4702921684,2016-04-21,6530,
-0.321013131748217,,3691,,465,,,,,,4702921684,2016-04-23,15126,
1.9283418329279716,,3538,,480,,,,,,4702921684,2016-04-24,15050,
0.26153391184313435,,3064,,370,,,,,,4702921684,2016-04-25,9167,
-0.021534291181420917,,2784,,421,,,,,,4702921684,2016-04-26,6108,
1.1250291484694497,,2908,,432,,,,,,4702921684,2016-04-27,7047,
0.9181258994409742,,3033,,442,,,,,,4702921684,2016-04-28,9023,
1.533025443194827,,3165,,433,,,,,,4702921684,2016-04-29,9930,
0.6583719236741982,,3115,,479,,,,,,4702921684,2016-04-30,10144,
1.7277617973625228,,3145,,327,,,,,,4702921684,2016-05-03,9454,
1.089218842935919,,3004,,412,,,,,,4702921684,2016-05-04,8161,
1.2011330917803582,,3006,,414,,,,,,4702921684,2016-05-05,8614,
0.6750316230364681,,2859,,404,,,,,,4702921684,2016-05-06,6943,
0.33646448299114606,,3683,,520,,,,,,4702921684,2016-05-07,14370,
1.1456042973032505,,3683,,520,,,,,,4702921684,2016-05-07,14370,
0.21517422974294817,,2990,,435,,,,,,4702921684,2016-05-09,8232,
0.7950678067759697,,3172,,416,,,,,,4702921684,2016-05-10,10613,
1.5986285195018275,,3069,,354,,,,,,4702921684,2016-05-11,9810,
1.931698235978953,,1240,,404,,,,,,4702921684,2016-05-12,2752,
1.788614781478663,,2026,,441,,64.36511350059737,,,,5553957443,2016-04-12,11596,
1.2369179583958596,,1718,,455,,61.483418208918145,,,,5553957443,2016-04-13,4832,
1.9312288122660966,,2324,,357,,72.56047167909696,,,,5553957443,2016-04-14,17022,
0.900114645503464,,2254,,377,,69.0200328407225,,,,5553957443,2016-04-15,16556,
1.0653119421818926,,1831,,651,,66.0213644088371,,,,5553957443,2016-04-16,5771,
0.7510089128037599,,1397,,350,,59.37717466945024,,,,5553957443,2016-04-17,655,
0.8243431709635419,,1683,,520,,65.3844028632425,,,,5553957443,2016-04-18,3727,
1.1418868579223362,,2284,,357,,74.88753310631857,,,,5553957443,2016-04-19,15482,
0.5203033328073443,,1570,,658,,60.040417526398834,,,,5553957443,2016-04-20,2713,
0.3585930026792441,,2066,,399,,71.33225337951068,,,,5553957443,2016-04-21,12346,
1.7761005516373571,,2105,,322,,70.42847711267606,,,,5553957443,2016-04-22,11682,
0.15614054491484117,,1776,,631,,67.07407854984895,,,,5553957443,2016-04-23,4112,
3.2023711202866405,,1507,,553,,63.97276314114802,,,,5553957443,2016-04-24,1807,
0.44933259456648056,,2033,,433,,72.04626295690126,,,,5553957443,2016-04-25,10946,
1.1672510404352479,,2093,,412,,73.01322425193321,,,,5553957443,2016-04-26,11886,
0.31530975123017313,,1922,,347,,65.07076392877657,,,,5553957443,2016-04-27,10538,
1.5265772530980986,,1999,,421,,71.07164801404433,,,,5553957443,2016-04-28,11393,
0.8974232224568098,,2169,,450,,73.07417008111047,,,,5553957443,2016-04-29,12764,
0.4243563367751637,,1463,,775,,65.77999501122474,,,,5553957443,2016-04-30,1202,
3.4194117438871467,,1747,,622,,66.54344989561586,,,,5553957443,2016-05-01,5164,
1.3236014892581993,,1996,,409,,72.59142652035689,,,,5553957443,2016-05-02,9769,
0.39408047928878576,,2116,,380,,69.95312333155366,,,,5553957443,2016-05-03,12848,
0.6170918706304026,,1698,,447,,61.67218347322378,,,,5553957443,2016-05-04,4249,
2.313271461382583,,2156,,419,,69.4014172571905,,,,5553957443,2016-05-05,14331,
0.3939596343543432,,1916,,400,,63.165196696066076,,,,5553957443,2016-05-06,9632,
0.9444341651099105,,1494,,442,,63.02644230769231,,,,5553957443,2016-05-07,1868,
0.834273935314319,,1762,,568,,65.5694360947457,,,,5553957443,2016-05-08,6083,
0.7566408557614362,,2272,,453,,76.65612883984491,,,,5553957443,2016-05-09,11611,
1.1221653302282428,,2335,,418,,76.83269438710312,,,,5553957443,2016-05-10,16358,
0.5120394801875288,,1693,,463,,65.40050890585242,,,,5553957443,2016-05-11,4926,
0.8361106285574423,,741,,438,,64.19532265049806,,,,5553957443,2016-05-12,3121,
0.23027182192807177,,3405,,419,,65.65607369027059,,,,5577150313,2016-04-12,8135,
0.18429308890367552,,2551,,432,,59.7035779576913,,,,5577150313,2016-04-13,5077,
-0.00018706402393531274,,4022,,477,,76.83571282888028,,,,5577150313,2016-04-14,8596,
0.5639469443442894,,4005,,392,,73.68219516499029,,,,5577150313,2016-04-15,12087,
1.4982918351779848,,4274,,406,,69.84255028980566,,,,5577150313,2016-04-16,14269,
1.2153168824800784,,4552,,549,,71.11754189944133,,,,5577150313,2016-04-17,12231,199.959265073821
0.7443529165030632,,3625,,527,,68.649090276973,,,,5577150313,2016-04-18,9893,
0.4759588707517398,,3501,,449,,70.46025152878735,,,,5577150313,2016-04-19,12574,
1.1397670791488745,,3192,,447,,69.17306809487376,,,,5577150313,2016-04-20,8330,
1.3350347146558958,,4018,,414,,72.31130021769246,,,,5577150313,2016-04-21,10830,
1.0987489697746384,,3329,,338,,64.64848702308336,,,,5577150313,2016-04-22,9172,
1.1555113708488811,,3152,,384,,65.07899988261534,,,,5577150313,2016-04-23,7638,
0.6297350283522284,,4392,,543,,72.2686495562485,,,,5577150313,2016-04-24,15764,
1.7154530160795225,,3374,,421,,67.54545454545455,,,,5577150313,2016-04-25,6393,
0.14667840408141716,,3088,,354,,65.35988133272478,,,,5577150313,2016-04-26,5325,
0.10434139343325782,,3294,,424,,66.42827775239836,,,,5577150313,2016-04-27,6805,
0.7378381359860252,,3580,,361,,70.68770690796734,,,,5577150313,2016-04-28,9841,
0.5598033004029408,,3544,,459,,66.26641414141415,,,,5577150313,2016-04-29,7924,
1.5415808885310822,,4501,,412,,71.55549407989378,,,,5577150313,2016-04-30,12363,
1.146567663990765,,4546,,379,,73.70357503081924,,,,5577150313,2016-05-01,13368,
0.4251915537114793,,3014,,525,,64.60946601941748,,,,5577150313,2016-05-02,7439,
-0.09420126627573594,,3795,,508,,70.00069044879172,,,,5577150313,2016-05-03,11045,
1.4243027717134675,,2755,,603,,62.24588163514338,,,,5577150313,2016-05-04,5206,
0.7381747279909653,,3004,,74,,72.21057965139846,,,,5577150313,2016-05-05,7550,
3.325054996540058,,3841,,504,,75.29284883200573,,,,5577150313,2016-05-10,8869,
0.9911240219517852,,1665,,431,,67.04067948144836,,,,5577150313,2016-05-11,4038,
0.6769614673403351,,2828,,380,,87.02745664739885,,,,6117666160,2016-04-16,14450,
0.8509015500770963,,2225,,336,,85.35302197802197,,,,6117666160,2016-04-17,7150,
0.9640353590104074,,2018,,493,,82.91442424242425,,,,6117666160,2016-04-18,5153,
1.876549724556451,,2606,,465,,83.5081252044934,,,,6117666160,2016-04-19,11135,
0.5378192410907973,,2536,,474,,85.50435634937922,,,,6117666160,2016-04-20,10449,
1.8215775263451897,,4900,,508,,79.40156418554477,,,,6117666160,2016-04-21,19542,
1.072344688806859,,2409,,480,,81.7020639147803,,,,6117666160,2016-04-22,8206,
0.9908005726736472,,2651,,492,,81.79523809523809,,,,6117666160,2016-04-23,11495,
0.9110161779675182,,2305,,353,,84.20596510973552,,,,6117666160,2016-04-24,7623,
0.6599785733037381,,2576,,542,,83.14904055822068,,,,6117666160,2016-04-27,9411,
0.9529436975476967,,1879,,393,,80.09522625559423,,,,6117666160,2016-04-28,3403,
0.2687380391799683,,2560,,600,,82.1624183006536,,,,6117666160,2016-04-29,9592,
0.808180877637548,,2361,,507,,77.43914274160939,,,,6117666160,2016-05-01,8915,
0.7135988996525126,,2636,,392,,84.71879315839796,,,,6117666160,2016-05-05,9799,
1.4148940121482414,,1838,,658,,76.57278208441,,,,6117666160,2016-05-06,3365,
1.575430415545124,,2469,,498,,83.87947810703228,,,,6117666160,2016-05-07,7336,
0.5499911391155662,,2250,,555,,81.14073912569498,,,,6117666160,2016-05-08,7328,
0.18769720489844782,,1248,,492,,76.46606060606061,,,,6117666160,2016-05-09,4477,
0.22500466576961647,,2400,,235,,82.71974376572867,,,,6775888955,2016-04-13,4053,
0.7015909729840696,,2507,,423,,79.26807673389081,,,,6775888955,2016-04-14,5162,
1.164437349725739,,2127,,391,,80.59450072358901,,,,6775888955,2016-04-15,1282,
-0.1763721823828426,,1994,,366,,85.03632013919095,,,,6962181067,2016-04-12,10199,137.788913865625
0.3910508410208393,,1718,,630,,80.51959835470602,,,,6962181067,2016-04-13,5652,136.907061452898
0.9614057975692277,,1466,,508,,70.12622079367041,,,,6962181067,2016-04-14,1551,136.025217450139
0.7851332344961737,,1756,,370,,72.99198084979055,,,,6962181067,2016-04-15,5563,135.584291243775
1.129504515113704,,2173,,357,,82.04018218623482,,,,6962181067,2016-04-16,13217,136.6866025547
0.635773512530342,,2027,,427,,76.66448880822746,,,,6962181067,2016-04-17,10145,135.363832345577
0.617564863856611,,2039,,442,,76.9169910837624,,,,6962181067,2016-04-18,11404,134.922906139214
1.5357104466922018,,2046,,476,,77.42858801672085,,,,6962181067,2016-04-19,10742,135.363832345577
0.5467786351994162,,2174,,418,,74.90601080594327,,,,6962181067,2016-04-20,13928,136.025217450139
0.7991146682303529,,2179,,451,,83.47130206625123,,,,6962181067,2016-04-21,11835,135.363832345577
1.0553116414085215,,2086,,425,,79.11627137341424,,,,6962181067,2016-04-22,10725,135.363832345577
1.61781862828499,,2571,,528,,84.64590097402598,,,,6962181067,2016-04-23,20031,135.584291243775
1.1224200383680047,,1705,,511,,68.82344093486059,,,,6962181067,2016-04-24,5029,135.584291243775
2.521466570365171,,2194,,400,,73.98988232706478,,,,6962181067,2016-04-25,13239,136.025217450139
1.2276483992381102,,2012,,441,,77.07536166872266,,,,6962181067,2016-04-26,10433,
0.6715167075623069,,2034,,455,,72.99697498545666,,,,6962181067,2016-04-27,10320,134.922906139214
0.9626930975040825,,2182,,440,,82.0752688172043,,,,6962181067,2016-04-28,12627,134.922906139214
0.8989028012118626,,2254,,433,,80.9635204922536,,,,6962181067,2016-04-29,10762,135.363832345577
0.5545011901813097,,2002,,422,,80.1626647834275,,,,6962181067,2016-04-30,10081,134.48197993285
1.2115964633299094,,1740,,411,,73.29039031620553,,,,6962181067,2016-05-01,5454,136.025217450139
1.0695820857576006,,2162,,466,,79.67409119562933,,,,6962181067,2016-05-02,12912,135.584291243775
0.17611976692576015,,2072,,394,,75.40436222450612,,,,6962181067,2016-05-03,12109,134.48197993285
0.752457506507191,,2086,,442,,79.47459105779717,,,,6962181067,2016-05-04,10147,134.702438831048
1.7161073961614688,,2066,,467,,76.64476227290298,,,,6962181067,2016-05-05,10524,135.143365037411
-0.1838355514639766,,1850,,443,,72.33436738311545,,,,6962181067,2016-05-06,5908,135.584291243775
0.6745987134315358,,1947,,298,,76.97600374575676,,,,6962181067,2016-05-07,6815,134.922906139214
0.9646919053820752,,1659,,541,,74.99709744298549,,,,6962181067,2016-05-08,4188,134.922906139214
0.5831728111517892,,2105,,489,,77.01762783095961,,,,6962181067,2016-05-09,12342,137.568454967427
0.39511875637864724,,2361,,469,,83.32208250606662,,,,6962181067,2016-05-10,15448,136.907061452898
1.8970794765778827,,1855,,452,,79.25104235242485,,,,6962181067,2016-05-11,6722,136.466143656502
1.1298585025339678,,928,,516,,75.71574096531651,,,,6962181067,2016-05-12,3587,136.466143656502
2.0224636213010383,,2076,,79,,79.95248226950355,,,,7007744171,2016-04-16,4631,
1.2859647920172976,,2225,,58,,84.96455424274973,,,,7007744171,2016-05-01,5600,
0.9667882728700639,,2772,,514,,,,,,7086361926,2016-04-12,11317,
2.0100579498323325,,2516,,451,,,,,,7086361926,2016-04-13,5813,
0.6840072567843739,,2734,,472,,,,,,7086361926,2016-04-14,9123,
0.9547865254630276,,2395,,377,,,,,,7086361926,2016-04-15,8585,
0.15812364538685755,,2944,,472,,,,,,7086361926,2016-04-19,10688,
1.0378611670396296,,2997,,492,,,,,,7086361926,2016-04-20,14365,
0.8951362486419623,,2463,,390,,,,,,7086361926,2016-04-21,9469,
2.118383721479119,,2846,,428,,,,,,7086361926,2016-04-22,9753,
-0.31768009068610426,,2049,,681,,,,,,7086361926,2016-04-24,3520,
0.5713944838724477,,2752,,446,,,,,,7086361926,2016-04-25,10091,
1.2513634272859322,,2781,,485,,,,,,7086361926,2016-04-26,10387,
0.5483501124678515,,2693,,469,,,,,,7086361926,2016-04-27,11107,
0.4983758385516539,,2862,,354,,,,,,7086361926,2016-04-28,11584,
1.6279344692653304,,2995,,485,,,,,,7086361926,2016-04-30,14560,
2.4905179268145052,,2730,,388,,,,,,7086361926,2016-05-01,12390,
1.4667348358995302,,2754,,440,,,,,,7086361926,2016-05-02,10052,
1.688300109808975,,2754,,456,,,,,,7086361926,2016-05-03,10288,
1.0444339123018698,,2655,,420,,,,,,7086361926,2016-05-04,10988,
1.6518170825620464,,2924,,322,,,,,,7086361926,2016-05-06,12461,
1.2345126058615201,,2739,,530,,,,,,7086361926,2016-05-07,12827,
2.1824628388724663,,2534,,481,,,,,,7086361926,2016-05-08,10677,
1.2728150284249402,,2960,,427,,,,,,7086361926,2016-05-09,13566,
-0.030659536112362634,,2735,,451,,,,,,7086361926,2016-05-11,9572,
0.42969816274581774,,1199,,444,,,,,,7086361926,2016-05-12,3789,
0.703115544976875,,3043,,486,,,,,,8053475328,2016-04-20,15108,
1.6247206186474994,,3554,,331,,,,,,8053475328,2016-04-23,22359,
0.1314693597636891,,3331,,74,,,,,,8053475328,2016-05-07,19769,
2.4650593469309143,,3635,,338,,,,,,8378563200,2016-04-12,7626,
1.9700127365788593,,4079,,447,,,,,,8378563200,2016-04-13,12386,
2.099522108144302,,4163,,424,,,,,,8378563200,2016-04-14,13318,
0.9501944353817614,,3666,,513,,,,,,8378563200,2016-04-15,14461,
0.38144926439379645,,3363,,611,,,,,,8378563200,2016-04-16,11207,
0.17510709714601644,,2572,,525,,,,,,8378563200,2016-04-17,2132,
1.6574512716208498,,4157,,398,,,,,,8378563200,2016-04-18,13630,
1.1981572619867416,,4092,,387,,,,,,8378563200,2016-04-19,13070,
1.7238156048127735,,3787,,381,,,,,,8378563200,2016-04-20,9388,
1.576228626768846,,4236,,396,,,,,,8378563200,2016-04-21,15148,
1.7193843225863232,,4044,,441,,,,,,8378563200,2016-04-22,12200,
0.6056872291162048,,2908,,565,,,,,,8378563200,2016-04-23,5709,
0.4044640398315402,,2741,,458,,,,,,8378563200,2016-04-24,3703,
1.7995763412411852,,4005,,388,,,,,,8378563200,2016-04-25,12405,
1.344555841347972,,4005,,388,,,,,,8378563200,2016-04-25,12405,
0.4389391305869562,,3763,,550,,,,,,8378563200,2016-04-26,16208,
0.807622922384152,,3061,,531,,,,,,8378563200,2016-04-27,7359,
1.0643008919391748,,2884,,506,,,,,,8378563200,2016-04-28,5417,
-0.11683424961689606,,2982,,527,,,,,,8378563200,2016-04-29,6175,
0.3535648254295942,,2660,,468,,,,,,8378563200,2016-04-30,2946,
0.6005431748071647,,3369,,475,,,,,,8378563200,2016-05-01,11419,
0.5554892145704075,,3491,,351,,,,,,8378563200,2016-05-02,6064,
1.6896574388372918,,3784,,405,,,,,,8378563200,2016-05-03,8712,
1.5565740365263154,,3110,,441,,,,,,8378563200,2016-05-04,7875,
0.5058652019848339,,3783,,381,,,,,,8378563200,2016-05-05,8567,
0.731587790730785,,3644,,323,,,,,,8378563200,2016-05-06,7045,
1.382815040036718,,2799,,459,,,,,,8378563200,2016-05-07,4468,
-0.056636806444668314,,2685,,545,,,,,,8378563200,2016-05-08,2943,
1.6904614974173973,,3721,,359,,,,,,8378563200,2016-05-09,8382,
1.7916718363534754,,3586,,342,,,,,,8378563200,2016-05-10,6582,
0.41094801909304857,,3788,,368,,,,,,8378563200,2016-05-11,9143,
0.5290753738264351,,1976,,496,,,,,,8378563200,2016-05-12,4561,
1.4857264312416194,,2044,,458,,68.92157638065112,,,,8792009665,2016-04-12,2564,
0.0017348878286453095,,1934,,531,,68.50609149676778,,,,8792009665,2016-04-13,1320,
1.4327682846262082,,1963,,486,,69.08939820399411,,,,8792009665,2016-04-14,1219,
0.8477498451686446,,2009,,363,,66.8635228848821,,,,8792009665,2016-04-15,2483,
0.7632891805761651,,2188,,528,,69.61815840309079,,,,8792009665,2016-04-20,3147,
1.3866531374346742,,2419,,391,,70.26147822992051,,,,8792009665,2016-04-22,4068,
1.2039793001159897,,2748,,339,,77.82583837273226,,,,8792009665,2016-04-23,5245,
0.7418212991897336,,2067,,423,,68.79205329526529,,,,8792009665,2016-04-27,1758,
3.10955701994264,,2780,,402,,76.701621506294,,,,8792009665,2016-04-28,6157,
1.5380423915367518,,3101,,398,,80.91153025710116,,,,8792009665,2016-04-29,8360,
1.1568623488320915,,2896,,343,,81.46464198625581,,,,8792009665,2016-04-30,7174,
0.34577140231250936,,1962,,503,,67.81017067223964,,,,8792009665,2016-05-01,1619,
0.7207272284862657,,2015,,415,,67.40391870512353,,,,8792009665,2016-05-02,1831,
0.7550302466689989,,2297,,516,,74.37193973634652,,,,8792009665,2016-05-03,2421,
0.6330858621611217,,2067,,439,,74.97814661134163,,,,8792009665,2016-05-04,2283,
